(blank),,,,,,,,,,,,,
,,,,,,,,,,,,,
,,,,,,,,,,,,,
,,,,,,,,,,,,,
,,,,,,,,,,,,,
,,,,,,,,,,,,,
Ryan,,,,,,,,,,,,,
4253,Sun,"Oct 13, 2013",,request afternoon,Ryan,, Force 04G White, vs., Red Star SA 04G White,U9 Girls Bronze,Region 2 League,,
5353,Sun,"Oct 13, 2013",,request morning,Ryan,, Almaden FC Quicksilver 03 Black, vs., Red Star SA 03G White,U10 Girls Bronze,Region 2 League,,
Yannick,,,,,,,,,,,,,
5152,Sun,"Oct 13, 2013",,request afternoon,Yannick,, Red Star SA 03G Red, vs., Evergreen United Earthquakes 03G Blue,U10 Girls Silver,Region 2 League,,
Matt,,,,,,,,,,,,,
3230,Sun,"Oct 13, 2013",11:15 AM,,Matt,Chaboya Middle School Field 1, Evergreen United Earthquakes 03B Black, vs., Red Star SA 03B Red,U10 Boys Silver,Region 2 League,,