(blank),,,,,,,,,,,,,
,,,,,,,,,,,,,
,,,,,,,,,,,,,
Adriano,,,,,,,,,,,,,
#246 ,Sun,"Nov 3, 2013",2:15 PM,,Adriano,Chaboya Middle School,EVERGREEN UNITED EARTHQUAKES 99B BLUE, vs.,RED STAR SA 99B RED,Boys U14 Silver Region 2,Boys U14 Silver Region 2,,
Yannick,,,,,,,,,,,,,
1037,Sun,"Nov 3, 2013",3:45 PM,,Yannick,Slater small, Red Star SA 05B Red, vs., Palo Alto Soccer Club 06B Blue,U8 Boys Gold,Region 2 League,,
Cleber,,,,,,,,,,,,,
2039,Sun,"Nov 3, 2013",,request early morning,Cleber,, Santa Cruz FC Rev 04B, vs., Red Star SA 04B Red,U9 Boys Gold,Region 2 League,,
40928,Sun,"Nov 3, 2013",10:00 AM,look to get back to back with 01B White,Cleber,Chaboya Middle School Field 1, Evergreen United Earthquakes 02G Blue, vs., Red Star SA 02G Red,U11G - Silver 1 - Region 2,League U11-U13 FALL,,
21239,Sun,"Nov 3, 2013",3:45 PM,,Cleber,Chaboya Middle School Large, Evergreen United Earthquakes - 01B Blue, vs., Red Star SA 01B White,U12B - Silver 2 - Region 2,League U11-U13 FALL,,
Terry,,,,,,,,,,,,,
2338,Sun,"Nov 3, 2013",2:30 AM,,Terry,Slater small, Red Star SA 04B Green, vs., Woodside SC Azules,U9 Boys Bronze 2 - North,Region 2 League,,
Michael,,,,,,,,,,,,,
3530,Sun,"Nov 3, 2013",,request afternoon,Michael,, Force 03 Boys White, vs., Red Star SA 03B Green,U10 Boys Bronze 3,Region 2 League,,