(blank),0,,,,,,,,,,,,
,,,,,,,,,,,,,
Adriano,3,,,,,,,,,,,,
#222 ,Sun,"Sep 22, 2013",11:00 AM,,Adriano,,LOBITOS GALAXY, vs.,RED STAR SA 99B RED,Boys U14 Silver Region 2,Boys U14 Silver Region 2,,
10045,Sun,"Sep 22, 2013",,,Adriano,, Almaden FC AFC Mercury Elite 02, vs., Red Star SA 02B Red,Under 11 Boys -Red,NorCal State Cup(s): U11-U13,,
11005,Sun,"Sep 22, 2013",,,Adriano,, Red Star SA 02B White, vs., PAC � SAN JOSE 2002 EAGLES�,Under 11 Boys - White,NorCal State Cup(s): U11-U13,,
Cleber,3,,,,,,,,,,,,
10011,Sun,"Sep 22, 2013",,,Cleber,, Red Star SA 04B Red, vs., Palo Alto Soccer Club 05B Blue,Under 9 Boys - Red,NorCal State Cup(s): U9-U10,,
32036,Sun,"Sep 22, 2013",,,Cleber,, RCSC 03B White, vs., Red Star SA 03B Black,Under 10 Boys - Blue,NorCal State Cup(s): U9-U10,,
41048,Sun,"Sep 22, 2013",,,Cleber,, Barcelona Bay Area Silver 02G, vs., Red Star SA 02G Red,Under 11 Girls - White,NorCal State Cup(s): U11-U13,,
Yannick,3,,,,,,,,,,,,
11023,Sun,"Sep 22, 2013",request 3pm,,Yannick,, Almaden FC Mercury Green 04, vs., Red Star SA 04B White,Under 9 Boys - White,NorCal State Cup(s): U9-U10,,
40011,Sun,"Sep 22, 2013",requested 12pm,,Yannick,, Mountain View / Los Altos SC Barcelona Blue, vs., Red Star SA 03G Red,Under 10 Girls - Red,NorCal State Cup(s): U9-U10,,
42048,Sun,"Sep 22, 2013",request 5pm,,Yannick,, Barcelona Bay Area Blue 02G, vs., Red Star SA 02G White,Under 11 Girls - Blue,NorCal State Cup(s): U11-U13,,
Victor,1,,,,,,,,,,,,
21006,Sun,"Sep 22, 2013",,,Victor,, Red Star SA 04G Red, vs., San Francisco Vikings Courage Red 04,Under 9 Girls - White,NorCal State Cup(s): U9-U10,,
Matt,2,,,,,,,,,,,,
30017,Sun,"Sep 22, 2013",,,Matt,, Santa Clara Sporting 03B Green, vs., Red Star SA 03B Red,Under 10 Boys - Red,NorCal State Cup(s): U9-U10,,
20057,Sun,"Sep 22, 2013",,,Matt,, SACYSL California Northstars 02B, vs., Red Star SA 01B Red,Under 12 Boys - Red,NorCal State Cup(s): U11-U13,,
Terry,3,,,,,,,,,,,,
31060,Sun,"Sep 22, 2013",,,Terry,, Red Star SA 03B White, vs., Mustang Spartans 03,Under 10 Boys - White,NorCal State Cup(s): U9-U10,,
30075,Sun,"Sep 22, 2013",,,Terry,, Red Star SA 00B Red, vs., AMERICA USA 2000,Under 13 Boys - Red,NorCal State Cup(s): U11-U13,,
2310,Sun,"Sep 22, 2013",request morning,,Terry,, Woodside SC Azules, vs., Red Star SA 04B Green,U9 Boys Bronze 2 - North,Region 2 League,,
Ryan,3,,,,,,,,,,,,
41036,Sun,"Sep 22, 2013",,,Ryan,, Red Star SA 03G White, vs., San Ramon AZURI 04G White,Under 10 Girls - White,NorCal State Cup(s): U9-U10,,
5311,Sun,"Sep 22, 2013",10:30 AM,,Ryan,Woodside Elementary School Field, Woodside SC Dinamo, vs., Red Star SA 03G White,U10 Girls Bronze,Region 2 League,,
4211,Sun,"Sep 22, 2013",11:45 AM,,Ryan,Woodside Elementary School Field, Woodside SC Wanderers, vs., Red Star SA 04G White,U9 Girls Bronze,Region 2 League,,