0,,,,,,,,,,,,,
,,,,Game Comments/Requests,,,,,,,,,
,,,,,,,,,,,,,
,,,,,,,,,,,,,
2,,,,,,,,,,,,,
20004,Sat,"Sep 7, 2013",4pm,,Matt,Whisman, Red Star SA 01B Red, vs., OVSC Elite,U12B - Premier - Region 2,League U11-U13 FALL,,
3205,Sat,"Sep 7, 2013",,request morning,Matt,, SMC Star 03B Gold, vs., Red Star SA 03B Red,U10 Boys Silver,Region 2 League,,
3,,,,,,,,,,,,,
30002,Sat,"Sep 7, 2013",8am,,Terry,Grant Park, Red Star SA 00B Red, vs., PSV Union FC 00B,U13B - Premier - Region 2,League U11-U13 FALL,,
3303,Sat,"Sep 7, 2013",10:30 AM,,Terry,Montclaire Big, Red Star SA 03B White, vs., Lobitos Real Madrid,U10 Boys Bronze 1,Region 2 League,,
2304,Sat,"Sep 7, 2013",3:00 PM,,Terry,Hillsdale High School Small Grass, GSC Gryphons 04B White, vs., Red Star SA 04B Green,U9 Boys Bronze 2 - North,Region 2 League,,
2,,,,,,,,,,,,,
11103,Sat,"Sep 7, 2013",1:15 PM,,Victor,Slater Big, Red Star SA 02B Black, vs., GSC Gryphons 02B White,U11B - Silver 2 - Region 2 North,League U11-U13 FALL,,
4101,Sat,"Sep 7, 2013",2:45 PM,,Victor,Slater Small, Red Star SA 04G Red, vs., Palo Alto Soccer Club 05G Blue,U9 Girls Silver,Region 2 League,,
2,,,,,,,,,,,,,
11104,Sat,"Sep 7, 2013",12pm,,Adriano,Slater Big, Red Star SA 02B White, vs., Force 02B White,U11B - Silver 2 - Region 2 North,League U11-U13 FALL,,
10503,Sat,"Sep 7, 2013",,request late afternoon,Adriano,, Force 02B Royal, vs., Red Star SA 02B Red,U11B - Gold - Region 2,League U11-U13 FALL,,
4,,,,,,,,,,,,,
41002,Sat,"Sep 7, 2013",,"request late morning, 10:30am",Yannick,, RCSC 02G Yellow, vs., Red Star SA 02G White,U11G - Silver 2 - Region 2,League U11-U13 FALL,,
1003,Sat,"Sep 7, 2013",,request early morning 8am,Yannick,, Mountain View / Los Altos SC 05B Blue, vs., Red Star SA 05B Red,U8 Boys Gold,Region 2 League,,
2201,Sat,"Sep 7, 2013",1:15 PM,,Yannick,Montclaire Big, Red Star SA 04B White, vs., Burlingame SC Blast,U9 Boys Bronze 1,Region 2 League,,
5101,Sat,"Sep 7, 2013",,request late afternoon,Yannick,, Almaden FC Quicksilver 03 Green, vs., Red Star SA 03G Red,U10 Girls Silver,Region 2 League,,
4,,,,,,,,,,,,,
21205,Sat,"Sep 7, 2013",,,Cleber,, Red Star SA 01B White, vs., RCSC 01B Yellow,U12B - Silver 2 - Region 2,League U11-U13 FALL,,
2003,Sat,"Sep 7, 2013",,afternoon,Cleber,, Red Star SA 04B Red, vs., CA San Jose HSL Select,U9 Boys Gold,Region 2 League,,
40902,Sat,"Sep 7, 2013",12:00 PM,,Cleber,Hillsdale High School Large Grass, GSC Gryphons 02G White, vs., Red Star SA 02G Red,U11G - Silver 1 - Region 2,League U11-U13 FALL,,
3501,Sat,"Sep 7, 2013",,request early morning,Cleber,Woodside Elementary School Field, Woodside SC Everton, vs., Red Star SA 03B Black,U10 Boys Bronze 3,Region 2 League,,
4,,,,,,,,,,,,,
1202,Sat,"Sep 7, 2013",8am,,Ryan,Slater Small, Red Star SA 05B White, vs., Mountain View / Los Altos SC 05B Green,U8 Boys Bronze - North,Region 2 League,,
4202,Sat,"Sep 7, 2013",9:15 AM,,Ryan,Slater Small, Red Star SA 04G White, vs., GSC Gryphons 04G Black,U9 Girls Bronze,Region 2 League,,
5302,Sat,"Sep 7, 2013",10:30 AM,,Ryan,Slater Big, Red Star SA 03G White, vs., Santa Cruz County Breakers 03G,U10 Girls Bronze,Region 2 League,,
30904,Sat,"Sep 7, 2013",3:30 PM,,Ryan,Hillsdale High School Football Field, GSC Gryphons 00/01B White, vs., Red Star SA 00B White,U13B - Silver 1 - Region 2,League U11-U13 FALL,,
2,,,,,,,,,,,,,
2205,Sat,"Sep 7, 2013",,afternoon,Michael,Slater Small, Red Star SA 04B Black, vs., America USA 2004 Santos Laguna,U9 Boys Bronze 1,Region 2 League,,
#622 ,Sat,"Sep 7, 2013",11:00 AM,"We don�t have this field, must change to Grant Park",Michael,Hillview Community Center,RED STAR SA 98B RED, vs.,SCC BREAKERS 98B BLUE,Boys U15 Silver Region 2,Boys U15 Silver Region 2,,
1,,,,,,,,,,,,,
#215 ,Sat,"Sep 7, 2013",9:30 AM,,Michael - Adriano,Grant Park,RED STAR SA 99B WHITE, vs.,RED STAR SA 99B RED,Boys U14 Silver Region 2,Boys U14 Silver Region 2,,